﻿{"cameraMode":{"drawMode":0,"name":"Shaded","section":"Shading Mode"},"sceneLighting":false,"audioPlay":false,"sceneViewState":{"showFog":true,"showMaterialUpdate":false,"showSkybox":false,"showFlares":true,"showImageEffects":true,"showParticleSystems":true},"in2DMode":false,"pivot":{"x":0.22526025772094727,"y":1.091970443725586,"z":-0.3352464437484741},"rotation":{"x":0.08083981275558472,"y":0.8468976020812988,"z":-0.1347692757844925,"w":0.5080022215843201},"size":3.7166950702667238,"orthographic":false}