﻿{"cameraMode":{"drawMode":0,"name":"Shaded","section":"Shading Mode"},"sceneLighting":false,"audioPlay":false,"sceneViewState":{"showFog":true,"showMaterialUpdate":false,"showSkybox":false,"showFlares":true,"showImageEffects":true,"showParticleSystems":true},"in2DMode":false,"pivot":{"x":-1.1150035858154297,"y":1.080275058746338,"z":-0.2996593117713928},"rotation":{"x":0.13798192143440247,"y":0.7846331000328064,"z":-0.1885315626859665,"w":0.5742542743682861},"size":1.3166954517364503,"orthographic":false}