﻿{"cameraMode":{"drawMode":0,"name":"Shaded","section":"Shading Mode"},"sceneLighting":false,"audioPlay":false,"sceneViewState":{"showFog":true,"showMaterialUpdate":false,"showSkybox":false,"showFlares":true,"showImageEffects":true,"showParticleSystems":true},"in2DMode":false,"pivot":{"x":-0.004999935626983643,"y":5.960464477539063e-8,"z":1.7881393432617188e-7},"rotation":{"x":0.08083981275558472,"y":0.8468976020812988,"z":-0.1347692757844925,"w":0.5080022215843201},"size":7.23087739944458,"orthographic":false}