﻿{"cameraMode":{"drawMode":0,"name":"Shaded","section":"Shading Mode"},"sceneLighting":true,"audioPlay":false,"sceneViewState":{"showFog":true,"showMaterialUpdate":false,"showSkybox":true,"showFlares":true,"showImageEffects":true,"showParticleSystems":true},"in2DMode":false,"pivot":{"x":491.4062194824219,"y":959.3307495117188,"z":7.7095947265625},"rotation":{"x":0.004808394704014063,"y":0.020993301644921304,"z":-0.00010097659833263606,"w":0.9997677803039551},"size":1870.32177734375,"orthographic":false}