﻿{"cameraMode":{"drawMode":0,"name":"Shaded","section":"Shading Mode"},"sceneLighting":false,"audioPlay":false,"sceneViewState":{"showFog":true,"showMaterialUpdate":false,"showSkybox":false,"showFlares":true,"showImageEffects":true,"showParticleSystems":true},"in2DMode":false,"pivot":{"x":0.14242100715637208,"y":-1.428086757659912,"z":-0.03939040005207062},"rotation":{"x":0.4032704532146454,"y":0.5967284440994263,"z":-0.4898086190223694,"w":0.49129998683929446},"size":4.316695213317871,"orthographic":false}